Workbook

Sheet Master Kas
A1: Tanggal | B1: Sumber Dana | C1: Keterangan | D1: Kategori | E1: Masuk | F1: Keluar | G1: Saldo | H1: Catatan
A2: 46122 | B2: Kas Rayhan | C2: Saldo Awal | D2: Saldo Awal | E2: 2500000 | F2: 0 | G2: 2500000
A3: 46122 | B3: Kas Azka | C3: Saldo Awal | D3: Saldo Awal | E3: 2500000 | F3: 0 | G3: 2500000
A4: 46123 | B4: Kas Rayhan | C4: Split Instalasi WIFI | D4: Internet | E4: 0 | F4: 50000 | G4: 2450000
A5: 46123 | B5: Kas Azka | C5: Split Instalasi WIFI | D5: Internet | E5: 0 | F5: 50000 | G5: 2450000
A6: 46132 | B6: Kas Rayhan | C6: Bayar Laundry | D6: Laundry | E6: 0 | F6: 69200 | G6: 2380800
A7: 46133 | B7: Kas Rayhan | C7: Split Beli Lampu Depan | D7: Perlengkapan Rumah | E7: 0 | F7: 9000 | G7: 2371800
A8: 46133 | B8: Kas Azka | C8: Split Beli Lampu Depan | D8: Perlengkapan Rumah | E8: 0 | F8: 9000 | G8: 2441000
A9: 46133 | B9: Kas Rayhan | C9: Split Beli Lampu Tengah | D9: Perlengkapan Rumah | E9: 0 | F9: 33900 | G9: 2337900
A10: 46133 | B10: Kas Azka | C10: Split Beli Lampu Tengah | D10: Perlengkapan Rumah | E10: 0 | F10: 33900 | G10: 2407100
A11: 46134 | B11: Kas Azka | C11: Pemeliharaan Rumput | D11: Pemeliharaan | E11: 0 | F11: 250000 | G11: 2157100
A12: 46134 | B12: Kas Rayhan | C12: Pemeliharaan Rumput | D12: Pemeliharaan | E12: 0 | F12: 250000 | G12: 2087900
A13: 46135 | B13: Kas Azka | C13: Listrik April | D13: Listrik | E13: 0 | F13: 200000 | G13: 1957100
... A55: 46210 | B55: Kas Azka | C55: Tagihan PDAM | D55: Air / PDAM | E55: 0 | F55: 105500 | G55: 299255
A56: 46215 | B56: Kas Rayhan | C56: Cuci Karpet | D56: Laundry | E56: 0 | F56: 25000 | G56: =G54-MasterKasTable[[#This Row],[Keluar]] -> 830525
A57: 46215 | B57: Kas Azka | C57: Cuci Karpet | D57: Laundry | E57: 0 | F57: 25000 | G57: =G55-MasterKasTable[[#This Row],[Keluar]] -> 274255
A58: 46215 | B58: Kas Rayhan | C58: Tagihan Indihome | D58: Internet | E58: 0 | F58: 153000 | G58: =G56-MasterKasTable[[#This Row],[Keluar]] -> 677525
A59: 46215 | B59: Kas Azka | C59: Tagihan Indihome | D59: Internet | E59: 0 | F59: 153000 | G59: =G57-MasterKasTable[[#This Row],[Keluar]] -> 121255

Sheet Sisa Kas
A1: Sumber Dana | B1: Total Masuk | C1: Total Keluar | D1: Sisa Kas
A2: Kas Rayhan | B2: =SUMIFS('Master Kas'!E:E,'Master Kas'!B:B,A2) -> 3500000 | C2: =SUMIFS('Master Kas'!F:F,'Master Kas'!B:B,A2) -> 2817225 | D2: =B2-C2 -> 682775
A3: Kas Azka | B3: =SUMIFS('Master Kas'!E:E,'Master Kas'!B:B,A3) -> 3500000 | C3: =SUMIFS('Master Kas'!F:F,'Master Kas'!B:B,A3) -> 3383995 | D3: =B3-C3 -> 116005
A4: Total | B4: =SUM(B2:B3) -> 7000000 | C4: =SUM(C2:C3) -> 6201220 | D4: =SUM(D2:D3) -> 798780

Sheet Dashboard
A1: PADEBUOLO NEXT - Dashboard Kas Rumah Dinas
A3: Indikator | B3: Nilai | D3: Sumber Dana | E3: Sisa Kas
A4: Total Masuk | B4: =SUM('Master Kas'!E:E) -> 7000000 | D4: Rayhan | E4: ='Sisa Kas'!D2 -> 682775
A5: Total Keluar | B5: =SUM('Master Kas'!F:F) -> 6201220 | D5: Azka | E5: ='Sisa Kas'!D3 -> 116005
A6: Sisa Kas Total | B6: =B4-B5 -> 798780
A7: Jumlah Transaksi | B7: =COUNTA('Master Kas'!A2:A59) -> 58

Sheet Biaya Bulanan
A1: Rayhan
A2: Komponen | B2: Total
A3: Sewa | B3: 200000
A4: Indihome | B4: 165000
A5: Listrik | B5: 300000
A6: Air | B6: 50000
A7: Total | B7: =SUM(B3:B6) -> 715000
A9: Azka
A10: Komponen | B10: Total
A11: Sewa | B11: 245000
A12: Indihome | B12: 165000
A13: Listrik | B13: 300000
A14: Air | B14: 50000
A15: Total | B15: =SUM(B11:B14) -> 760000

Sheet Referensi
A1: Kategori
A2: Saldo Awal
A3: Inject Dana / Top Up
A4: Iuran Bulanan
A5: Sewa
A6: Internet
A7: Listrik
A8: Air / PDAM
A9: Laundry
A10: Perlengkapan Rumah
A11: Pemeliharaan
A12: Renovasi
... A15: Lainnya

Sheet Panduan Import
A1: Panduan Upload Ulang Data Import
A2: 1. File CSV utama untuk app adalah seed_transactions_import_ready.csv.
A3: 2. Untuk upload Excel, pakai sheet Master Kas di file ini. Kolom Kategori sudah ditambahkan agar transaksi tidak masuk Lainnya.
A4: 3. Kolom Catatan bisa dipakai untuk keterangan tambahan per transaksi. Kolom ini opsional dan bisa dikosongkan.
A5: 4. Format tanggal sudah DD/MM/YYYY. Jangan ubah menjadi MM/DD/YYYY.
A6: 5. Kalau upload ulang di app, gunakan opsi replace/ganti data lama agar tanggal yang kebalik ikut bersih.
